package	version	sha256	source
agetty	2.42.3-r1	31d4db486fa8434b51f0ff342f1388fc101132d369a8845c5439195068b4d998	alpine-official
agetty-openrc	0.63.2-r0	f64f8a2bb07cd373e844125bc997af6a0fdc0b3bf868fb6461ed818909755b93	alpine-official
alpine-baselayout	3.7.2-r1	39f20c5ec30473d4720f4ae6da57dafc8e3ffb29fa5cfe2e3d09c9859e971de1	alpine-official
alpine-baselayout-data	3.7.2-r1	8ba5df97f4722f8e26420cbaa48efeec00461792edd5144d96deb83ebff77bad	alpine-official
alpine-keys	2.6-r0	e8a4ee971ef1891fbdd48e7459d07996d83861e80a0a02223ebf48f5e76b759e	alpine-official
alpine-release	3.24.2-r0	4c9408f3967dc6b229e7b708699663d285ef0adfe52931f8a2f61a848ecd22cd	alpine-official
apk-tools	3.0.8-r0	a526c8db2e2e547031c433a784db8e9fa31150c80087697b8a791b7ce567aa14	alpine-official
blkid	2.42.3-r1	6bd4ce5c14a5e2c72db463dbcc5641eec1331c385c20696ad162540e92b2f3b4	alpine-official
busybox	1.37.0-r31	032c499bfa5ea22944fc8ffce2aa5d0603f1f8810f91b73c453d053692fe2f32	alpine-official
busybox-binsh	1.37.0-r31	8d2751fc05267dba06c962879c2242ca3a01a4971e72a46a2540360b00387c64	alpine-official
busybox-ifupdown	1.37.0-r31	d1df402b1fab015df50f6054960b29aa2da9f185cdad9b523f811c74d691948c	alpine-official
ca-certificates	20260909-r0	bbf4745aed12a7665b9dcfa94f2faa9b3e3a75cd44d6bb359ebf0d47866c1e0f	alpine-official
ca-certificates-bundle	20260909-r0	a7940ce710d590e3f840aa9303a03d981d23f33cb11c2d9710d409a3f5a555a8	alpine-official
cfdisk	2.42.3-r1	c88a32300df780985ff9f2caaabeabd8874b8e9f1bffdd321411872758e42140	alpine-official
dbus-libs	1.16.2-r2	817faaf79c5b5251c3f256e6972f5f2835c6a80525f416da660fc61d058d51c9	alpine-official
dmesg	2.42.3-r1	73c53eed54597b0c61ed0e933a8a80603716a2ad0cd2117cc268ffd8bef7eea7	alpine-official
dropbear	2026.91-r0	6b9171bc1b8bd1883302396430f88a4ff173a194abfcc022f5d1b5c126b69c15	alpine-official
dropbear-openrc	2026.91-r0	643094a43f38f071724b1c26dc22e3710d5383c04d194535cd542a24b9934198	alpine-official
e2fsprogs	1.47.4-r0	8e1e53b75fb2446aad37cfa3c1bc6c660df33a54e52f779f3d8ef1797e1b30c0	alpine-official
e2fsprogs-libs	1.47.4-r0	f010f72c1b83c3ab7abaed0dd4a195c44049a75dfe1cc42c1dec4e8748b7852d	alpine-official
findmnt	2.42.3-r1	a78316753a6889984a407710835e15448f4bf5eb66a4072db908b425a6f81b1a	alpine-official
flock	2.42.3-r1	2c3fd9b970f31f146ed8323a29aced2eefd3faac875217e2cd316c9f0a25660a	alpine-official
fstrim	2.42.3-r1	f293b4b78970bf0b701b805a12c4c9f3ec3e0004eac6445da78d0a0c6c1f8107	alpine-official
hexdump	2.42.3-r1	de9201a4cca39165a159f87f773f885a0dc1867ee6f1570a50334485a356e6f3	alpine-official
iw	6.17-r0	7b045ae3a00dfd22859cc8560ac4a614a7b104a3dd0aee6f5e82574b9eb500e6	alpine-official
kmod	34.2-r1	cbf784920b62d3417b7b27307b0eaae4a356e3f412d7f71563714717df6320a6	alpine-official
libapk	3.0.8-r0	1c90bf6a02fec11537b61fd9fde7dbb1ba709062a240182925b7d04acdfaa15e	alpine-official
libblkid	2.42.3-r1	48a6d0a7415a1d0094ba136243d5b0472f815cf95193c66f00d8a521ae651eae	alpine-official
libcap-ng	0.8.5-r2	2fdd363d971f720ad3b1f5e51e5e2a1e66b18465b76e8f6311614d89f3ebb08a	alpine-official
libcap2	2.78-r0	f92c87875498f527d2b4bb3c43af63d9301b0d54ef08a95d6f50b82c3d772e02	alpine-official
libcom_err	1.47.4-r0	b1fad1d5ef6ead4f35da55919499b27badd53d25e959047651aed6accfab7f7b	alpine-official
libcrypto3	3.5.9-r0	4bbfb11194ac706ff0c6997a2a4633cf238332f9a4b563d8435167ebd19aa8db	alpine-official
libeconf	0.8.3-r0	1ced9b481d9c0a6e1ce6e04650a13da1e45c9cadb655efe6c8b17c595d764bd7	alpine-official
libfdisk	2.42.3-r1	f6d46e8258a6625ca7bfa61264997c3329b3c4ebd35e6421c5838c3ce306c993	alpine-official
libgcc	15.2.0-r5	70aa586717f20bf57f80c06d454712095964261c02c92f8d3a120a0aecd05934	alpine-official
libmount	2.42.3-r1	6b05c9467bc7a1132a89f02dc23f2ada0621d5c989b2d08cd685af6cf7cd3380	alpine-official
libncursesw	6.6_p20260516-r0	c58cc03abe88cc770d11c5b63b423f6b2099ee6319e2d5b72b71d767d125a39c	alpine-official
libnl3	3.11.0-r0	7dd3b312eff41e92b2a69ac43d0aa9ac2bf449b349a51743dd046ea3550ba60d	alpine-official
libsmartcols	2.42.3-r1	5d8fa888b972b6374064df338091f9d54827d8b6c3a626031a9cd5bce8707306	alpine-official
libssl3	3.5.9-r0	0236ecfa1a2a1fc819938d83709ecacb3c9f7ef131c29128226fd3fb68fb44eb	alpine-official
libuuid	2.42.3-r1	dcd20edf5772169a38fb6d18321e7e979a46b750a46c7019280ef314a9bebb2e	alpine-official
linux-pam	1.7.1-r2	d750bc052535fec38ad08e1f1f48651e1417109d98a3ae911763675ae1259669	alpine-official
logger	2.42.3-r1	f7f00e211b696e8422853d67830055c65c3fb0966f3bd885d31462aa07f8b883	alpine-official
losetup	2.42.3-r1	fd220e7d6bbd012d8e4720e4de80fa47e3f75aa9549d829741fcab238fc9a20b	alpine-official
lsblk	2.42.3-r1	0e8c14f560c52d382117006ee3c6460e3881bb0aeae29f0e9df06596e3c1d157	alpine-official
lscpu	2.42.3-r1	8ad1914739b039792dabb59e452dbe85f170a49707b27611ccbc24208f101573	alpine-official
mcookie	2.42.3-r1	d7018d90686e2bd91ab827639487d40f9335436f2554903592e91ae0d7dcc20a	alpine-official
mount	2.42.3-r1	0301da93d058efd1ff4367ee450f8073bee1edf7a106b71e774ccaa3beafd589	alpine-official
musl	1.2.6-r2	84a62250f10aa1c5b7687f21f3a0f19ec17b561176d67c4c797123ed8f98555c	alpine-official
musl-utils	1.2.6-r2	3105a0da9e41d2b1c54d73693001d63ff86bb225f05d42f0a237d90129e2f07a	alpine-official
ncurses-terminfo-base	6.6_p20260516-r0	ae9f8408f746583c8da79f3dc24663ca058c9b12eec6c1a028ad1dea538629bb	alpine-official
openrc	0.63.2-r0	f9a960bf5281250ee7fcff1ef6fbb78bb72aeadfad80b0bc2465b5088b314cd9	alpine-official
openrc-user	0.63.2-r0	21d77b1c088b199a77b766d028ba061e0af43cb18d2b4f588da6db29c1c31971	alpine-official
partx	2.42.3-r1	490e13b6d61689e1e079c3f736c9228d0473bad252611273a9457c0d94ac5d1b	alpine-official
pcsc-lite-libs	2.4.0-r4	70bdb7f779d9ce004dd03afea585a74d45ef89ca570347d83d8b9446b7b5cefb	alpine-official
runuser	2.42.3-r1	4c64e9980ffe392e014c3c730abc438f0e7a14b02e06412fab92bb9bb11946a0	alpine-official
scanelf	1.3.9-r1	ed7333e7a1bfbc0b2eb0ebfa5b8b9161ca15a59b7367f262f3cfd4b18096ffa2	alpine-official
setarch	2.42.3-r1	e0f6eb40b0671c64464fc8776a2476efb6d1ad331d9db49cd4e03e5c5044c420	alpine-official
setpriv	2.42.3-r1	dd997a146789aab3f1ba6862bb7bfb3549a53b0584208602816dfa9dc79901fe	alpine-official
sfdisk	2.42.3-r1	f8b9bfba88611f444179a205f4aae15f4feb2a6bee9c737d7024e1b7f8d98483	alpine-official
skalibs-libs	2.15.0.0-r0	2303bad07c6ccf7524e8c313549b8e43f42f98ee7012700ee3f9f4bf7f99ce15	alpine-official
ssl_client	1.37.0-r31	42e661d791c381b5ea24a44842e3cc1127793158254376212aebc26c52a0fecd	alpine-official
umount	2.42.3-r1	f527bd98cafeee57131e5fd149fe3174013e00bab15bd08f707b1b0b50b8b6b5	alpine-official
util-linux	2.42.3-r1	784c978cbd7393affab9d4246e44902a41811da42c98f8d885ddebb5375382a5	alpine-official
util-linux-misc	2.42.3-r1	a21da914603d6854e7ec886743d883a83d12cd097450fe619ccf60175cba9a79	alpine-official
util-linux-openrc	2.42.3-r1	a07a9ad10d989a83ceea755c113c5d068785dc2218bc896f9722a93a418ee4b5	alpine-official
utmps-libs	0.1.3.3-r0	0bd6aea148eff8c953f68d51d1f4d9914a0e6047acc38051a927c81ada5e3917	alpine-official
uuidgen	2.42.3-r1	57c453ef96631d2d3bcd4404d8430140abc6cf2aa60db5f65eefb5f159dafe21	alpine-official
wipefs	2.42.3-r1	bc3b579ac1d69f172f3ac8979d9b1c4a84fa3b1dbf581b2d2e86e704f12c41d3	alpine-official
wpa_supplicant	2.12-r0	1a3731cf47a958c69ea2aff7ef975cc03ab648251969d5f69c6efd3c7f553ca3	k4-local
xz-libs	5.8.4-r0	b784e85dfcf30cfc39ae2fdcae719a12f3de3b7a0ecfc7cfa77230626ec320f9	alpine-official
zlib	1.3.2-r0	9ceb0ce727602c3acd7c8bf6ca02d7b019afc2b5ad81095684ecf18c2c48d8f2	alpine-official
zstd-libs	1.5.7-r2	15a00d79b69cb9b3ce7252dc35a370406623ebc96e8631e04f6d48c7421a55d4	alpine-official
